fixture,strategy,evidence_index,requested_timestamp,canonical_seek,baseline_pts,actual_pts,width,height,same_source,same_jpeg,mae,psnr_db,source_selection_evidence
short,single_batch,0,2.125,2.125,2.125,2.125,1024,576,True,True,0.0,,decoded-checksum
short,single_batch,1,6.375,6.375,6.375,6.375,1024,576,True,True,0.0,,decoded-checksum
short,single_batch,2,10.682500000000001,10.683,10.7083092,10.708333,1024,576,True,True,0.0,,decoded-checksum
short,single_batch,3,15.0475,15.047,15.083295600000001,15.083333,1024,576,True,True,0.0,,decoded-checksum
short,single_batch,4,1.076875,1.077,1.08334766,1.083333,1024,576,True,True,0.0,,decoded-checksum
short,single_batch,5,3.230625,3.231,3.2499616,3.25,1024,576,True,True,0.0,,decoded-checksum
short,single_batch,6,5.384375,5.384,5.4166335000000005,5.416667,1024,576,True,True,0.0,,decoded-checksum
short,single_batch,7,7.538125,7.538,7.54166211,7.541667,1024,576,True,True,0.0,,decoded-checksum
short,single_batch,8,9.691875,9.692,9.7083574,9.708333,1024,576,True,True,0.0,,decoded-checksum
short,single_batch,9,11.845625,11.846,11.8749714,11.875,1024,576,True,True,0.0,,decoded-checksum
short,single_batch,10,13.999375,13.999,13.999976562,14.0,1024,576,True,True,0.0,,decoded-checksum
short,single_batch,11,16.153125,16.153,16.166671899999997,16.166667,1024,576,True,True,0.0,,decoded-checksum
short,two_batch,0,2.125,2.125,2.125,2.125,1024,576,True,True,0.0,,decoded-checksum
short,two_batch,1,6.375,6.375,6.375,6.375,1024,576,True,True,0.0,,decoded-checksum
short,two_batch,2,10.682500000000001,10.683,10.7083092,10.708333,1024,576,True,True,0.0,,decoded-checksum
short,two_batch,3,15.0475,15.047,15.083295600000001,15.083333,1024,576,True,True,0.0,,decoded-checksum
short,two_batch,4,1.076875,1.077,1.08334766,1.083333,1024,576,True,True,0.0,,decoded-checksum
short,two_batch,5,3.230625,3.231,3.2499616,3.25,1024,576,True,True,0.0,,decoded-checksum
short,two_batch,6,5.384375,5.384,5.4166335000000005,5.416667,1024,576,True,True,0.0,,decoded-checksum
short,two_batch,7,7.538125,7.538,7.54166211,7.541667,1024,576,True,True,0.0,,decoded-checksum
short,two_batch,8,9.691875,9.692,9.7083574,9.708333,1024,576,True,True,0.0,,decoded-checksum
short,two_batch,9,11.845625,11.846,11.8749714,11.875,1024,576,True,True,0.0,,decoded-checksum
short,two_batch,10,13.999375,13.999,13.999976562,14.0,1024,576,True,True,0.0,,decoded-checksum
short,two_batch,11,16.153125,16.153,16.166671899999997,16.166667,1024,576,True,True,0.0,,decoded-checksum
short,no_audio,0,2.125,2.125,2.125,2.125,1024,576,True,True,0.0,,decoded-checksum
short,no_audio,1,6.375,6.375,6.375,6.375,1024,576,True,True,0.0,,decoded-checksum
short,no_audio,2,10.682500000000001,10.683,10.7083092,10.7083092,1024,576,True,True,0.0,,decoded-checksum
short,no_audio,3,15.0475,15.047,15.083295600000001,15.083295600000001,1024,576,True,True,0.0,,decoded-checksum
short,no_audio,4,1.076875,1.077,1.08334766,1.08334766,1024,576,True,True,0.0,,decoded-checksum
short,no_audio,5,3.230625,3.231,3.2499616,3.2499616,1024,576,True,True,0.0,,decoded-checksum
short,no_audio,6,5.384375,5.384,5.4166335000000005,5.4166335000000005,1024,576,True,True,0.0,,decoded-checksum
short,no_audio,7,7.538125,7.538,7.54166211,7.54166211,1024,576,True,True,0.0,,decoded-checksum
short,no_audio,8,9.691875,9.692,9.7083574,9.7083574,1024,576,True,True,0.0,,decoded-checksum
short,no_audio,9,11.845625,11.846,11.8749714,11.8749714,1024,576,True,True,0.0,,decoded-checksum
short,no_audio,10,13.999375,13.999,13.999976562,13.999976562,1024,576,True,True,0.0,,decoded-checksum
short,no_audio,11,16.153125,16.153,16.166671899999997,16.166671899999997,1024,576,True,True,0.0,,decoded-checksum
short,threads1,0,2.125,2.125,2.125,2.125,1024,576,True,True,0.0,,decoded-checksum
short,threads1,1,6.375,6.375,6.375,6.375,1024,576,True,True,0.0,,decoded-checksum
short,threads1,2,10.682500000000001,10.683,10.7083092,10.7083092,1024,576,True,True,0.0,,decoded-checksum
short,threads1,3,15.0475,15.047,15.083295600000001,15.083295600000001,1024,576,True,True,0.0,,decoded-checksum
short,threads1,4,1.076875,1.077,1.08334766,1.08334766,1024,576,True,True,0.0,,decoded-checksum
short,threads1,5,3.230625,3.231,3.2499616,3.2499616,1024,576,True,True,0.0,,decoded-checksum
short,threads1,6,5.384375,5.384,5.4166335000000005,5.4166335000000005,1024,576,True,True,0.0,,decoded-checksum
short,threads1,7,7.538125,7.538,7.54166211,7.54166211,1024,576,True,True,0.0,,decoded-checksum
short,threads1,8,9.691875,9.692,9.7083574,9.7083574,1024,576,True,True,0.0,,decoded-checksum
short,threads1,9,11.845625,11.846,11.8749714,11.8749714,1024,576,True,True,0.0,,decoded-checksum
short,threads1,10,13.999375,13.999,13.999976562,13.999976562,1024,576,True,True,0.0,,decoded-checksum
short,threads1,11,16.153125,16.153,16.166671899999997,16.166671899999997,1024,576,True,True,0.0,,decoded-checksum
short,threads2,0,2.125,2.125,2.125,2.125,1024,576,True,True,0.0,,decoded-checksum
short,threads2,1,6.375,6.375,6.375,6.375,1024,576,True,True,0.0,,decoded-checksum
short,threads2,2,10.682500000000001,10.683,10.7083092,10.7083092,1024,576,True,True,0.0,,decoded-checksum
short,threads2,3,15.0475,15.047,15.083295600000001,15.083295600000001,1024,576,True,True,0.0,,decoded-checksum
short,threads2,4,1.076875,1.077,1.08334766,1.08334766,1024,576,True,True,0.0,,decoded-checksum
short,threads2,5,3.230625,3.231,3.2499616,3.2499616,1024,576,True,True,0.0,,decoded-checksum
short,threads2,6,5.384375,5.384,5.4166335000000005,5.4166335000000005,1024,576,True,True,0.0,,decoded-checksum
short,threads2,7,7.538125,7.538,7.54166211,7.54166211,1024,576,True,True,0.0,,decoded-checksum
short,threads2,8,9.691875,9.692,9.7083574,9.7083574,1024,576,True,True,0.0,,decoded-checksum
short,threads2,9,11.845625,11.846,11.8749714,11.8749714,1024,576,True,True,0.0,,decoded-checksum
short,threads2,10,13.999375,13.999,13.999976562,13.999976562,1024,576,True,True,0.0,,decoded-checksum
short,threads2,11,16.153125,16.153,16.166671899999997,16.166671899999997,1024,576,True,True,0.0,,decoded-checksum
short,output_seek,0,2.125,2.125,2.125,,1024,576,True,True,0.0,,identical-jpeg-only
short,output_seek,1,6.375,6.375,6.375,,1024,576,True,True,0.0,,identical-jpeg-only
short,output_seek,2,10.682500000000001,10.683,10.7083092,,1024,576,True,True,0.0,,identical-jpeg-only
short,output_seek,3,15.0475,15.047,15.083295600000001,,1024,576,True,True,0.0,,identical-jpeg-only
short,output_seek,4,1.076875,1.077,1.08334766,,1024,576,True,True,0.0,,identical-jpeg-only
short,output_seek,5,3.230625,3.231,3.2499616,,1024,576,True,True,0.0,,identical-jpeg-only
short,output_seek,6,5.384375,5.384,5.4166335000000005,,1024,576,True,True,0.0,,identical-jpeg-only
short,output_seek,7,7.538125,7.538,7.54166211,,1024,576,True,True,0.0,,identical-jpeg-only
short,output_seek,8,9.691875,9.692,9.7083574,,1024,576,True,True,0.0,,identical-jpeg-only
short,output_seek,9,11.845625,11.846,11.8749714,,1024,576,True,True,0.0,,identical-jpeg-only
short,output_seek,10,13.999375,13.999,13.999976562,,1024,576,True,True,0.0,,identical-jpeg-only
short,output_seek,11,16.153125,16.153,16.166671899999997,,1024,576,True,True,0.0,,identical-jpeg-only
medium,single_batch,0,7.5225,7.522,7.541694000000001,7.541667,720,1564,True,True,0.0,,decoded-checksum
medium,single_batch,1,22.5675,22.567,22.5833574,22.583333,720,1564,True,True,0.0,,decoded-checksum
medium,single_batch,2,1.880625,1.881,1.9166445,1.916667,720,1564,True,True,0.0,,decoded-checksum
medium,single_batch,3,5.641875,5.642,5.6666582000000005,5.666667,720,1564,True,True,0.0,,decoded-checksum
medium,single_batch,4,9.403125,9.403,9.4166719,9.416667,720,1564,True,True,0.0,,decoded-checksum
medium,single_batch,5,13.164375,13.164,13.16668555,13.166667,720,1564,True,True,0.0,,decoded-checksum
medium,single_batch,6,16.925625,16.926,16.958307899999998,16.958333,720,1564,True,True,0.0,,decoded-checksum
medium,single_batch,7,20.686875,20.687,20.7083216,20.708333,720,1564,True,True,0.0,,decoded-checksum
medium,single_batch,8,24.448125,24.448,24.4583353,24.458333,720,1564,True,True,0.0,,decoded-checksum
medium,single_batch,9,28.209375,28.209,28.2500156,28.25,720,1564,True,True,0.0,,decoded-checksum
medium,two_batch,0,7.5225,7.522,7.541694000000001,7.541667,720,1564,True,True,0.0,,decoded-checksum
medium,two_batch,1,22.5675,22.567,22.5833574,22.583333,720,1564,True,True,0.0,,decoded-checksum
medium,two_batch,2,1.880625,1.881,1.9166445,1.916667,720,1564,True,True,0.0,,decoded-checksum
medium,two_batch,3,5.641875,5.642,5.6666582000000005,5.666667,720,1564,True,True,0.0,,decoded-checksum
medium,two_batch,4,9.403125,9.403,9.4166719,9.416667,720,1564,True,True,0.0,,decoded-checksum
medium,two_batch,5,13.164375,13.164,13.16668555,13.166667,720,1564,True,True,0.0,,decoded-checksum
medium,two_batch,6,16.925625,16.926,16.958307899999998,16.958333,720,1564,True,True,0.0,,decoded-checksum
medium,two_batch,7,20.686875,20.687,20.7083216,20.708333,720,1564,True,True,0.0,,decoded-checksum
medium,two_batch,8,24.448125,24.448,24.4583353,24.458333,720,1564,True,True,0.0,,decoded-checksum
medium,two_batch,9,28.209375,28.209,28.2500156,28.25,720,1564,True,True,0.0,,decoded-checksum
medium,no_audio,0,7.5225,7.522,7.541694000000001,7.541694000000001,720,1564,True,True,0.0,,decoded-checksum
medium,no_audio,1,22.5675,22.567,22.5833574,22.5833574,720,1564,True,True,0.0,,decoded-checksum
medium,no_audio,2,1.880625,1.881,1.9166445,1.9166445,720,1564,True,True,0.0,,decoded-checksum
medium,no_audio,3,5.641875,5.642,5.6666582000000005,5.6666582000000005,720,1564,True,True,0.0,,decoded-checksum
medium,no_audio,4,9.403125,9.403,9.4166719,9.4166719,720,1564,True,True,0.0,,decoded-checksum
medium,no_audio,5,13.164375,13.164,13.16668555,13.16668555,720,1564,True,True,0.0,,decoded-checksum
medium,no_audio,6,16.925625,16.926,16.958307899999998,16.958307899999998,720,1564,True,True,0.0,,decoded-checksum
medium,no_audio,7,20.686875,20.687,20.7083216,20.7083216,720,1564,True,True,0.0,,decoded-checksum
medium,no_audio,8,24.448125,24.448,24.4583353,24.4583353,720,1564,True,True,0.0,,decoded-checksum
medium,no_audio,9,28.209375,28.209,28.2500156,28.2500156,720,1564,True,True,0.0,,decoded-checksum
medium,threads1,0,7.5225,7.522,7.541694000000001,7.541694000000001,720,1564,True,True,0.0,,decoded-checksum
medium,threads1,1,22.5675,22.567,22.5833574,22.5833574,720,1564,True,True,0.0,,decoded-checksum
medium,threads1,2,1.880625,1.881,1.9166445,1.9166445,720,1564,True,True,0.0,,decoded-checksum
medium,threads1,3,5.641875,5.642,5.6666582000000005,5.6666582000000005,720,1564,True,True,0.0,,decoded-checksum
medium,threads1,4,9.403125,9.403,9.4166719,9.4166719,720,1564,True,True,0.0,,decoded-checksum
medium,threads1,5,13.164375,13.164,13.16668555,13.16668555,720,1564,True,True,0.0,,decoded-checksum
medium,threads1,6,16.925625,16.926,16.958307899999998,16.958307899999998,720,1564,True,True,0.0,,decoded-checksum
medium,threads1,7,20.686875,20.687,20.7083216,20.7083216,720,1564,True,True,0.0,,decoded-checksum
medium,threads1,8,24.448125,24.448,24.4583353,24.4583353,720,1564,True,True,0.0,,decoded-checksum
medium,threads1,9,28.209375,28.209,28.2500156,28.2500156,720,1564,True,True,0.0,,decoded-checksum
medium,threads2,0,7.5225,7.522,7.541694000000001,7.541694000000001,720,1564,True,True,0.0,,decoded-checksum
medium,threads2,1,22.5675,22.567,22.5833574,22.5833574,720,1564,True,True,0.0,,decoded-checksum
medium,threads2,2,1.880625,1.881,1.9166445,1.9166445,720,1564,True,True,0.0,,decoded-checksum
medium,threads2,3,5.641875,5.642,5.6666582000000005,5.6666582000000005,720,1564,True,True,0.0,,decoded-checksum
medium,threads2,4,9.403125,9.403,9.4166719,9.4166719,720,1564,True,True,0.0,,decoded-checksum
medium,threads2,5,13.164375,13.164,13.16668555,13.16668555,720,1564,True,True,0.0,,decoded-checksum
medium,threads2,6,16.925625,16.926,16.958307899999998,16.958307899999998,720,1564,True,True,0.0,,decoded-checksum
medium,threads2,7,20.686875,20.687,20.7083216,20.7083216,720,1564,True,True,0.0,,decoded-checksum
medium,threads2,8,24.448125,24.448,24.4583353,24.4583353,720,1564,True,True,0.0,,decoded-checksum
medium,threads2,9,28.209375,28.209,28.2500156,28.2500156,720,1564,True,True,0.0,,decoded-checksum
medium,output_seek,0,7.5225,7.522,7.541694000000001,,720,1564,True,True,0.0,,identical-jpeg-only
medium,output_seek,1,22.5675,22.567,22.5833574,,720,1564,True,True,0.0,,identical-jpeg-only
medium,output_seek,2,1.880625,1.881,1.9166445,,720,1564,True,True,0.0,,identical-jpeg-only
medium,output_seek,3,5.641875,5.642,5.6666582000000005,,720,1564,True,True,0.0,,identical-jpeg-only
medium,output_seek,4,9.403125,9.403,9.4166719,,720,1564,True,True,0.0,,identical-jpeg-only
medium,output_seek,5,13.164375,13.164,13.16668555,,720,1564,True,True,0.0,,identical-jpeg-only
medium,output_seek,6,16.925625,16.926,16.958307899999998,,720,1564,True,True,0.0,,identical-jpeg-only
medium,output_seek,7,20.686875,20.687,20.7083216,,720,1564,True,True,0.0,,identical-jpeg-only
medium,output_seek,8,24.448125,24.448,24.4583353,,720,1564,True,True,0.0,,identical-jpeg-only
medium,output_seek,9,28.209375,28.209,28.2500156,,720,1564,True,True,0.0,,identical-jpeg-only
long,single_batch,0,2.5,2.500,2.5,2.5,1280,720,True,True,0.0,,decoded-checksum
long,single_batch,1,7.5,7.500,7.5,7.5,1280,720,True,True,0.0,,decoded-checksum
long,single_batch,2,12.5,12.500,12.5,12.5,1280,720,True,True,0.0,,decoded-checksum
long,single_batch,3,17.5,17.500,17.5,17.5,1280,720,True,True,0.0,,decoded-checksum
long,single_batch,4,22.5,22.500,22.5,22.5,1280,720,True,True,0.0,,decoded-checksum
long,single_batch,5,27.5,27.500,27.5,27.5,1280,720,True,True,0.0,,decoded-checksum
long,single_batch,6,32.5,32.500,32.5,32.5,1280,720,True,True,0.0,,decoded-checksum
long,single_batch,7,37.5,37.500,37.5,37.5,1280,720,True,True,0.0,,decoded-checksum
long,single_batch,8,42.5,42.500,42.5,42.5,1280,720,True,True,0.0,,decoded-checksum
long,single_batch,9,47.5,47.500,47.5,47.5,1280,720,True,True,0.0,,decoded-checksum
long,single_batch,10,52.5,52.500,52.5,52.5,1280,720,True,True,0.0,,decoded-checksum
long,single_batch,11,57.5,57.500,57.5,57.5,1280,720,True,True,0.0,,decoded-checksum
long,single_batch,12,62.5,62.500,62.5,62.5,1280,720,True,True,0.0,,decoded-checksum
long,single_batch,13,67.5,67.500,67.5,67.5,1280,720,True,True,0.0,,decoded-checksum
long,single_batch,14,72.5,72.500,72.5,72.5,1280,720,True,True,0.0,,decoded-checksum
long,single_batch,15,77.5,77.500,77.5,77.5,1280,720,True,True,0.0,,decoded-checksum
long,single_batch,16,82.5,82.500,82.5,82.5,1280,720,True,True,0.0,,decoded-checksum
long,single_batch,17,87.5,87.500,87.5,87.5,1280,720,True,True,0.0,,decoded-checksum
long,single_batch,18,92.5,92.500,92.5,92.5,1280,720,True,True,0.0,,decoded-checksum
long,single_batch,19,97.5,97.500,97.5,97.5,1280,720,True,True,0.0,,decoded-checksum
long,single_batch,20,102.5,102.500,102.5,102.5,1280,720,True,True,0.0,,decoded-checksum
long,single_batch,21,107.5,107.500,107.5,107.5,1280,720,True,True,0.0,,decoded-checksum
long,single_batch,22,112.52925,112.529,112.5416953,112.541667,1280,720,True,True,0.0,,decoded-checksum
long,single_batch,23,117.58775,117.588,117.625028,117.625,1280,720,True,True,0.0,,decoded-checksum
long,single_batch,24,7.5073125,7.507,7.541668,7.541667,1280,720,True,True,0.0,,decoded-checksum
long,single_batch,25,22.5219375,22.522,22.541694,22.541667,1280,720,True,True,0.0,,decoded-checksum
long,single_batch,26,37.5365625,37.537,37.54163867,37.541667,1280,720,True,True,0.0,,decoded-checksum
long,single_batch,27,52.551187500000005,52.551,52.5833079,52.583333,1280,720,True,True,0.0,,decoded-checksum
long,single_batch,28,67.5658125,67.566,67.58333400000001,67.583333,1280,720,True,True,0.0,,decoded-checksum
long,single_batch,29,82.5804375,82.580,82.58333659,82.583333,1280,720,True,True,0.0,,decoded-checksum
long,single_batch,30,97.5950625,97.595,97.6250293,97.625,1280,720,True,True,0.0,,decoded-checksum
long,single_batch,31,112.6096875,112.610,112.624974,112.625,1280,720,True,True,0.0,,decoded-checksum
long,two_batch,0,2.5,2.500,2.5,2.5,1280,720,True,True,0.0,,decoded-checksum
long,two_batch,1,7.5,7.500,7.5,7.5,1280,720,True,True,0.0,,decoded-checksum
long,two_batch,2,12.5,12.500,12.5,12.5,1280,720,True,True,0.0,,decoded-checksum
long,two_batch,3,17.5,17.500,17.5,17.5,1280,720,True,True,0.0,,decoded-checksum
long,two_batch,4,22.5,22.500,22.5,22.5,1280,720,True,True,0.0,,decoded-checksum
long,two_batch,5,27.5,27.500,27.5,27.5,1280,720,True,True,0.0,,decoded-checksum
long,two_batch,6,32.5,32.500,32.5,32.5,1280,720,True,True,0.0,,decoded-checksum
long,two_batch,7,37.5,37.500,37.5,37.5,1280,720,True,True,0.0,,decoded-checksum
long,two_batch,8,42.5,42.500,42.5,42.5,1280,720,True,True,0.0,,decoded-checksum
long,two_batch,9,47.5,47.500,47.5,47.5,1280,720,True,True,0.0,,decoded-checksum
long,two_batch,10,52.5,52.500,52.5,52.5,1280,720,True,True,0.0,,decoded-checksum
long,two_batch,11,57.5,57.500,57.5,57.5,1280,720,True,True,0.0,,decoded-checksum
long,two_batch,12,62.5,62.500,62.5,62.5,1280,720,True,True,0.0,,decoded-checksum
long,two_batch,13,67.5,67.500,67.5,67.5,1280,720,True,True,0.0,,decoded-checksum
long,two_batch,14,72.5,72.500,72.5,72.5,1280,720,True,True,0.0,,decoded-checksum
long,two_batch,15,77.5,77.500,77.5,77.5,1280,720,True,True,0.0,,decoded-checksum
long,two_batch,16,82.5,82.500,82.5,82.5,1280,720,True,True,0.0,,decoded-checksum
long,two_batch,17,87.5,87.500,87.5,87.5,1280,720,True,True,0.0,,decoded-checksum
long,two_batch,18,92.5,92.500,92.5,92.5,1280,720,True,True,0.0,,decoded-checksum
long,two_batch,19,97.5,97.500,97.5,97.5,1280,720,True,True,0.0,,decoded-checksum
long,two_batch,20,102.5,102.500,102.5,102.5,1280,720,True,True,0.0,,decoded-checksum
long,two_batch,21,107.5,107.500,107.5,107.5,1280,720,True,True,0.0,,decoded-checksum
long,two_batch,22,112.52925,112.529,112.5416953,112.541667,1280,720,True,True,0.0,,decoded-checksum
long,two_batch,23,117.58775,117.588,117.625028,117.625,1280,720,True,True,0.0,,decoded-checksum
long,two_batch,24,7.5073125,7.507,7.541668,7.541667,1280,720,True,True,0.0,,decoded-checksum
long,two_batch,25,22.5219375,22.522,22.541694,22.541667,1280,720,True,True,0.0,,decoded-checksum
long,two_batch,26,37.5365625,37.537,37.54163867,37.541667,1280,720,True,True,0.0,,decoded-checksum
long,two_batch,27,52.551187500000005,52.551,52.5833079,52.583333,1280,720,True,True,0.0,,decoded-checksum
long,two_batch,28,67.5658125,67.566,67.58333400000001,67.583333,1280,720,True,True,0.0,,decoded-checksum
long,two_batch,29,82.5804375,82.580,82.58333659,82.583333,1280,720,True,True,0.0,,decoded-checksum
long,two_batch,30,97.5950625,97.595,97.6250293,97.625,1280,720,True,True,0.0,,decoded-checksum
long,two_batch,31,112.6096875,112.610,112.624974,112.625,1280,720,True,True,0.0,,decoded-checksum
long,no_audio,0,2.5,2.500,2.5,2.5,1280,720,True,True,0.0,,decoded-checksum
long,no_audio,1,7.5,7.500,7.5,7.5,1280,720,True,True,0.0,,decoded-checksum
long,no_audio,2,12.5,12.500,12.5,12.5,1280,720,True,True,0.0,,decoded-checksum
long,no_audio,3,17.5,17.500,17.5,17.5,1280,720,True,True,0.0,,decoded-checksum
long,no_audio,4,22.5,22.500,22.5,22.5,1280,720,True,True,0.0,,decoded-checksum
long,no_audio,5,27.5,27.500,27.5,27.5,1280,720,True,True,0.0,,decoded-checksum
long,no_audio,6,32.5,32.500,32.5,32.5,1280,720,True,True,0.0,,decoded-checksum
long,no_audio,7,37.5,37.500,37.5,37.5,1280,720,True,True,0.0,,decoded-checksum
long,no_audio,8,42.5,42.500,42.5,42.5,1280,720,True,True,0.0,,decoded-checksum
long,no_audio,9,47.5,47.500,47.5,47.5,1280,720,True,True,0.0,,decoded-checksum
long,no_audio,10,52.5,52.500,52.5,52.5,1280,720,True,True,0.0,,decoded-checksum
long,no_audio,11,57.5,57.500,57.5,57.5,1280,720,True,True,0.0,,decoded-checksum
long,no_audio,12,62.5,62.500,62.5,62.5,1280,720,True,True,0.0,,decoded-checksum
long,no_audio,13,67.5,67.500,67.5,67.5,1280,720,True,True,0.0,,decoded-checksum
long,no_audio,14,72.5,72.500,72.5,72.5,1280,720,True,True,0.0,,decoded-checksum
long,no_audio,15,77.5,77.500,77.5,77.5,1280,720,True,True,0.0,,decoded-checksum
long,no_audio,16,82.5,82.500,82.5,82.5,1280,720,True,True,0.0,,decoded-checksum
long,no_audio,17,87.5,87.500,87.5,87.5,1280,720,True,True,0.0,,decoded-checksum
long,no_audio,18,92.5,92.500,92.5,92.5,1280,720,True,True,0.0,,decoded-checksum
long,no_audio,19,97.5,97.500,97.5,97.5,1280,720,True,True,0.0,,decoded-checksum
long,no_audio,20,102.5,102.500,102.5,102.5,1280,720,True,True,0.0,,decoded-checksum
long,no_audio,21,107.5,107.500,107.5,107.5,1280,720,True,True,0.0,,decoded-checksum
long,no_audio,22,112.52925,112.529,112.5416953,112.5416953,1280,720,True,True,0.0,,decoded-checksum
long,no_audio,23,117.58775,117.588,117.625028,117.625028,1280,720,True,True,0.0,,decoded-checksum
long,no_audio,24,7.5073125,7.507,7.541668,7.541668,1280,720,True,True,0.0,,decoded-checksum
long,no_audio,25,22.5219375,22.522,22.541694,22.541694,1280,720,True,True,0.0,,decoded-checksum
long,no_audio,26,37.5365625,37.537,37.54163867,37.54163867,1280,720,True,True,0.0,,decoded-checksum
long,no_audio,27,52.551187500000005,52.551,52.5833079,52.5833079,1280,720,True,True,0.0,,decoded-checksum
long,no_audio,28,67.5658125,67.566,67.58333400000001,67.58333400000001,1280,720,True,True,0.0,,decoded-checksum
long,no_audio,29,82.5804375,82.580,82.58333659,82.58333659,1280,720,True,True,0.0,,decoded-checksum
long,no_audio,30,97.5950625,97.595,97.6250293,97.6250293,1280,720,True,True,0.0,,decoded-checksum
long,no_audio,31,112.6096875,112.610,112.624974,112.624974,1280,720,True,True,0.0,,decoded-checksum
long,threads1,0,2.5,2.500,2.5,2.5,1280,720,True,True,0.0,,decoded-checksum
long,threads1,1,7.5,7.500,7.5,7.5,1280,720,True,True,0.0,,decoded-checksum
long,threads1,2,12.5,12.500,12.5,12.5,1280,720,True,True,0.0,,decoded-checksum
long,threads1,3,17.5,17.500,17.5,17.5,1280,720,True,True,0.0,,decoded-checksum
long,threads1,4,22.5,22.500,22.5,22.5,1280,720,True,True,0.0,,decoded-checksum
long,threads1,5,27.5,27.500,27.5,27.5,1280,720,True,True,0.0,,decoded-checksum
long,threads1,6,32.5,32.500,32.5,32.5,1280,720,True,True,0.0,,decoded-checksum
long,threads1,7,37.5,37.500,37.5,37.5,1280,720,True,True,0.0,,decoded-checksum
long,threads1,8,42.5,42.500,42.5,42.5,1280,720,True,True,0.0,,decoded-checksum
long,threads1,9,47.5,47.500,47.5,47.5,1280,720,True,True,0.0,,decoded-checksum
long,threads1,10,52.5,52.500,52.5,52.5,1280,720,True,True,0.0,,decoded-checksum
long,threads1,11,57.5,57.500,57.5,57.5,1280,720,True,True,0.0,,decoded-checksum
long,threads1,12,62.5,62.500,62.5,62.5,1280,720,True,True,0.0,,decoded-checksum
long,threads1,13,67.5,67.500,67.5,67.5,1280,720,True,True,0.0,,decoded-checksum
long,threads1,14,72.5,72.500,72.5,72.5,1280,720,True,True,0.0,,decoded-checksum
long,threads1,15,77.5,77.500,77.5,77.5,1280,720,True,True,0.0,,decoded-checksum
long,threads1,16,82.5,82.500,82.5,82.5,1280,720,True,True,0.0,,decoded-checksum
long,threads1,17,87.5,87.500,87.5,87.5,1280,720,True,True,0.0,,decoded-checksum
long,threads1,18,92.5,92.500,92.5,92.5,1280,720,True,True,0.0,,decoded-checksum
long,threads1,19,97.5,97.500,97.5,97.5,1280,720,True,True,0.0,,decoded-checksum
long,threads1,20,102.5,102.500,102.5,102.5,1280,720,True,True,0.0,,decoded-checksum
long,threads1,21,107.5,107.500,107.5,107.5,1280,720,True,True,0.0,,decoded-checksum
long,threads1,22,112.52925,112.529,112.5416953,112.5416953,1280,720,True,True,0.0,,decoded-checksum
long,threads1,23,117.58775,117.588,117.625028,117.625028,1280,720,True,True,0.0,,decoded-checksum
long,threads1,24,7.5073125,7.507,7.541668,7.541668,1280,720,True,True,0.0,,decoded-checksum
long,threads1,25,22.5219375,22.522,22.541694,22.541694,1280,720,True,True,0.0,,decoded-checksum
long,threads1,26,37.5365625,37.537,37.54163867,37.54163867,1280,720,True,True,0.0,,decoded-checksum
long,threads1,27,52.551187500000005,52.551,52.5833079,52.5833079,1280,720,True,True,0.0,,decoded-checksum
long,threads1,28,67.5658125,67.566,67.58333400000001,67.58333400000001,1280,720,True,True,0.0,,decoded-checksum
long,threads1,29,82.5804375,82.580,82.58333659,82.58333659,1280,720,True,True,0.0,,decoded-checksum
long,threads1,30,97.5950625,97.595,97.6250293,97.6250293,1280,720,True,True,0.0,,decoded-checksum
long,threads1,31,112.6096875,112.610,112.624974,112.624974,1280,720,True,True,0.0,,decoded-checksum
long,threads2,0,2.5,2.500,2.5,2.5,1280,720,True,True,0.0,,decoded-checksum
long,threads2,1,7.5,7.500,7.5,7.5,1280,720,True,True,0.0,,decoded-checksum
long,threads2,2,12.5,12.500,12.5,12.5,1280,720,True,True,0.0,,decoded-checksum
long,threads2,3,17.5,17.500,17.5,17.5,1280,720,True,True,0.0,,decoded-checksum
long,threads2,4,22.5,22.500,22.5,22.5,1280,720,True,True,0.0,,decoded-checksum
long,threads2,5,27.5,27.500,27.5,27.5,1280,720,True,True,0.0,,decoded-checksum
long,threads2,6,32.5,32.500,32.5,32.5,1280,720,True,True,0.0,,decoded-checksum
long,threads2,7,37.5,37.500,37.5,37.5,1280,720,True,True,0.0,,decoded-checksum
long,threads2,8,42.5,42.500,42.5,42.5,1280,720,True,True,0.0,,decoded-checksum
long,threads2,9,47.5,47.500,47.5,47.5,1280,720,True,True,0.0,,decoded-checksum
long,threads2,10,52.5,52.500,52.5,52.5,1280,720,True,True,0.0,,decoded-checksum
long,threads2,11,57.5,57.500,57.5,57.5,1280,720,True,True,0.0,,decoded-checksum
long,threads2,12,62.5,62.500,62.5,62.5,1280,720,True,True,0.0,,decoded-checksum
long,threads2,13,67.5,67.500,67.5,67.5,1280,720,True,True,0.0,,decoded-checksum
long,threads2,14,72.5,72.500,72.5,72.5,1280,720,True,True,0.0,,decoded-checksum
long,threads2,15,77.5,77.500,77.5,77.5,1280,720,True,True,0.0,,decoded-checksum
long,threads2,16,82.5,82.500,82.5,82.5,1280,720,True,True,0.0,,decoded-checksum
long,threads2,17,87.5,87.500,87.5,87.5,1280,720,True,True,0.0,,decoded-checksum
long,threads2,18,92.5,92.500,92.5,92.5,1280,720,True,True,0.0,,decoded-checksum
long,threads2,19,97.5,97.500,97.5,97.5,1280,720,True,True,0.0,,decoded-checksum
long,threads2,20,102.5,102.500,102.5,102.5,1280,720,True,True,0.0,,decoded-checksum
long,threads2,21,107.5,107.500,107.5,107.5,1280,720,True,True,0.0,,decoded-checksum
long,threads2,22,112.52925,112.529,112.5416953,112.5416953,1280,720,True,True,0.0,,decoded-checksum
long,threads2,23,117.58775,117.588,117.625028,117.625028,1280,720,True,True,0.0,,decoded-checksum
long,threads2,24,7.5073125,7.507,7.541668,7.541668,1280,720,True,True,0.0,,decoded-checksum
long,threads2,25,22.5219375,22.522,22.541694,22.541694,1280,720,True,True,0.0,,decoded-checksum
long,threads2,26,37.5365625,37.537,37.54163867,37.54163867,1280,720,True,True,0.0,,decoded-checksum
long,threads2,27,52.551187500000005,52.551,52.5833079,52.5833079,1280,720,True,True,0.0,,decoded-checksum
long,threads2,28,67.5658125,67.566,67.58333400000001,67.58333400000001,1280,720,True,True,0.0,,decoded-checksum
long,threads2,29,82.5804375,82.580,82.58333659,82.58333659,1280,720,True,True,0.0,,decoded-checksum
long,threads2,30,97.5950625,97.595,97.6250293,97.6250293,1280,720,True,True,0.0,,decoded-checksum
long,threads2,31,112.6096875,112.610,112.624974,112.624974,1280,720,True,True,0.0,,decoded-checksum
long,output_seek,0,2.5,2.500,2.5,,1280,720,True,True,0.0,,identical-jpeg-only
long,output_seek,1,7.5,7.500,7.5,,1280,720,True,True,0.0,,identical-jpeg-only
long,output_seek,2,12.5,12.500,12.5,,1280,720,True,True,0.0,,identical-jpeg-only
long,output_seek,3,17.5,17.500,17.5,,1280,720,True,True,0.0,,identical-jpeg-only
long,output_seek,4,22.5,22.500,22.5,,1280,720,True,True,0.0,,identical-jpeg-only
long,output_seek,5,27.5,27.500,27.5,,1280,720,True,True,0.0,,identical-jpeg-only
long,output_seek,6,32.5,32.500,32.5,,1280,720,True,True,0.0,,identical-jpeg-only
long,output_seek,7,37.5,37.500,37.5,,1280,720,True,True,0.0,,identical-jpeg-only
long,output_seek,8,42.5,42.500,42.5,,1280,720,True,True,0.0,,identical-jpeg-only
long,output_seek,9,47.5,47.500,47.5,,1280,720,True,True,0.0,,identical-jpeg-only
long,output_seek,10,52.5,52.500,52.5,,1280,720,True,True,0.0,,identical-jpeg-only
long,output_seek,11,57.5,57.500,57.5,,1280,720,True,True,0.0,,identical-jpeg-only
long,output_seek,12,62.5,62.500,62.5,,1280,720,True,True,0.0,,identical-jpeg-only
long,output_seek,13,67.5,67.500,67.5,,1280,720,True,True,0.0,,identical-jpeg-only
long,output_seek,14,72.5,72.500,72.5,,1280,720,True,True,0.0,,identical-jpeg-only
long,output_seek,15,77.5,77.500,77.5,,1280,720,True,True,0.0,,identical-jpeg-only
long,output_seek,16,82.5,82.500,82.5,,1280,720,True,True,0.0,,identical-jpeg-only
long,output_seek,17,87.5,87.500,87.5,,1280,720,True,True,0.0,,identical-jpeg-only
long,output_seek,18,92.5,92.500,92.5,,1280,720,True,True,0.0,,identical-jpeg-only
long,output_seek,19,97.5,97.500,97.5,,1280,720,True,True,0.0,,identical-jpeg-only
long,output_seek,20,102.5,102.500,102.5,,1280,720,True,True,0.0,,identical-jpeg-only
long,output_seek,21,107.5,107.500,107.5,,1280,720,True,True,0.0,,identical-jpeg-only
long,output_seek,22,112.52925,112.529,112.5416953,,1280,720,True,True,0.0,,identical-jpeg-only
long,output_seek,23,117.58775,117.588,117.625028,,1280,720,True,True,0.0,,identical-jpeg-only
long,output_seek,24,7.5073125,7.507,7.541668,,1280,720,True,True,0.0,,identical-jpeg-only
long,output_seek,25,22.5219375,22.522,22.541694,,1280,720,True,True,0.0,,identical-jpeg-only
long,output_seek,26,37.5365625,37.537,37.54163867,,1280,720,True,True,0.0,,identical-jpeg-only
long,output_seek,27,52.551187500000005,52.551,52.5833079,,1280,720,True,True,0.0,,identical-jpeg-only
long,output_seek,28,67.5658125,67.566,67.58333400000001,,1280,720,True,True,0.0,,identical-jpeg-only
long,output_seek,29,82.5804375,82.580,82.58333659,,1280,720,True,True,0.0,,identical-jpeg-only
long,output_seek,30,97.5950625,97.595,97.6250293,,1280,720,True,True,0.0,,identical-jpeg-only
long,output_seek,31,112.6096875,112.610,112.624974,,1280,720,True,True,0.0,,identical-jpeg-only
